{
    "ecgwo_svm": {
        "tp": 0.5207100591715976,
        "fn": 0.6804733727810651,
        "tn": 201.11834319526628,
        "fp": 0.6804733727810651,
        "far": 0.0,
        "frr": 1.0,
        "err": 0.5116144772650895,
        "specificity": 0.9966279615294394,
        "sensitivity": 0.4334975369458128,
        "precision": 0.3268326296035655,
        "accuracy": 0.43349753694581283,
        "recall": 0.43349753694581283,
        "threshold": 0.0060120240480961915,
        "training_time": 0.0,
        "model_params": {
            "num_selected_features": 68,
            "total_features": 148,
            "best_c": 45.76643375092841,
            "best_gamma": 0.7325929188965573
        }
    },
    "svm_default": {
        "tp": 0.5857988165680473,
        "fn": 0.6153846153846154,
        "tn": 201.18343195266272,
        "fp": 0.6153846153846154,
        "far": 0.0,
        "frr": 1.0,
        "err": 0.5374085982297779,
        "specificity": 0.9969505043396669,
        "sensitivity": 0.48768472906403937,
        "precision": 0.35103995621237005,
        "accuracy": 0.4876847290640394,
        "recall": 0.4876847290640394,
        "threshold": 0.0060120240480961915,
        "training_time": 0.0
    },
    "random_forest": {
        "tp": 0.8402366863905325,
        "fn": 0.3609467455621302,
        "tn": 201.4378698224852,
        "fp": 0.3609467455621302,
        "far": 0.00011717148046165563,
        "frr": 0.9881656804733728,
        "err": 0.34047868047424723,
        "specificity": 0.99821135350692,
        "sensitivity": 0.6995073891625616,
        "precision": 0.6646141215106732,
        "accuracy": 0.6995073891625616,
        "recall": 0.6995073891625616,
        "threshold": 0.002004008016032064,
        "training_time": 0.0
    }
}